Sr No.,School Name,UDISE Code,State,District,Block,Cluster,Village,PIN Code,Address,Email,School Management,School Category,School Type,Classes From–To,Rural/Urban,School Status,LGD Village,LGD Panchayat,LGD Block
1474,"Z.P. PS, GHATKUKDA",27090800101,MAHARASHTRA,NAGPUR,PARSEONI,"Z.P. PS, DHAWALAPUR ",GHATKUKDA,441105.0,post navegaon khairi tah parshioni dist nag,hmschoolghatkukda01@gmail.com,Local Body,Primary,3-Co-educational,1–5,Rural,Operational,Ghatkukada,Dhawlapur,Parseoni
1475,"Z.P. PS, GHATPENDHRI",27090800201,MAHARASHTRA,NAGPUR,PARSEONI,"Z.P. PS, DHAWALAPUR ",GHATPENDHRI,441105.0,post navegaon khairi tah parshioni dist nagpur,zp.schoolghatpendhari@gmail.com,Local Body,Primary,3-Co-educational,1–5,Rural,Operational,Ghatpendhari,Kolitmara,Parseoni
1476,"SHASKIY ASHRAM SCHOOL, KOLITMARA",27090800301,MAHARASHTRA,NAGPUR,PARSEONI,"Z.P. PS, DHAWALAPUR ",KOLITMARA,441105.0,"At. Kolitmara, Post- Navegaon Khairi, Tah. Parshioni, Dist- Nagpur",hmkolitmara@gmail.com,Tribal Welfare Department,Pr. Up Pr. and Secondary Only,3-Co-educational,1–10,Rural,Operational,Kolitmara,Kolitmara,Parseoni
1477,"Z.P. PS, NARHAR",27090800701,MAHARASHTRA,NAGPUR,PARSEONI,"Z.P. PS, DHAWALAPUR ",NARHAR,441105.0,post navegaon khairi tah par dist nag,ganeshshelke444@gmail.com,Local Body,Primary,3-Co-educational,1–4,Rural,Operational,Narhar(Rithi),Dhawlapur,Parseoni
1478,"MAHATMA PHULEL UPS, WANERA",27090800801,MAHARASHTRA,NAGPUR,PARSEONI,"Z.P. PS, DHAWALAPUR ",WANERA,441105.0,post navegaon khairi tah parshioni dist nag,nandeshwarthakare41@gmail.com,Other State Govt. Managed,Primary with Upper Primary,3-Co-educational,1–6,Rural,Operational,Banera,Dhawlapur,Parseoni
1479,"Z.P. PS, DHAWALAPUR",27090800901,MAHARASHTRA,NAGPUR,PARSEONI,"Z.P. PS, DHAWALAPUR ",DHAWALAPUR,441105.0,AT DHAWALAPUR PO NAVEGAON KHAIRI TA PARSEONI DIST NAGPUR STATE MAHARASHTRA,,Local Body,Primary with Upper Primary,3-Co-educational,1–7,Rural,Operational,Dhawalapur,Dhawlapur,Parseoni
1480,"Z.P. PS, SALEGHAT",27090801101,MAHARASHTRA,NAGPUR,PARSEONI,"Z.P. PS, DHAWALAPUR ",SALEGHAT,441105.0,post navegaon tah parshioni dist nagpur,zppssaleghat@gmail.com,Local Body,Primary,3-Co-educational,1–5,Rural,Operational,Saleghat,Suwardara,Parseoni
1481,"Z.P. PS, AMBAZARI",27090801301,MAHARASHTRA,NAGPUR,PARSEONI,"Z.P. PS, DHAWALAPUR ",AMBAZARI,441105.0,post navegaon khairi tah parshioni dist nag,vijaymanekar30@gmail.com,Local Body,Primary,3-Co-educational,1–4,Rural,Operational,Ambazari,Suwardara,Parseoni
1482,"Z.P. PS, SHILADEVI",27090801601,MAHARASHTRA,NAGPUR,PARSEONI,"Z.P. PS, DHAWALAPUR ",SHILADEVI,441105.0,post navegaon khairi tah parshioni dist nagpur,ankushshevatre2017@gmail.com,Local Body,Primary,3-Co-educational,1–5,Rural,Operational,Shiladevi,Suwardara,Parseoni
1483,Z.P. PS SUWARDHARA,27090801801,MAHARASHTRA,NAGPUR,PARSEONI,"Z.P. PS, DHAWALAPUR ",SUWARDHARA,441105.0,post navegaon khairi tah parshioni dist nag,kummakodwate@gmail.com,Local Body,Primary,3-Co-educational,1–4,Rural,Operational,Suwardhara,Suwardara,Parseoni
1484,Z.P.UPS. AWALEGHAT,27090802101,MAHARASHTRA,NAGPUR,PARSEONI,"Z.P. PS, KENDRIYA NAVEGAONKHAIRI ",AAWALEGHAT,441105.0,AT. AWALEGHAT PO.NAVEGAON KHAIRI TAL.PARSEONI DIST.NAGPUR,zpupsawaleghat@gmail.com,Local Body,Primary with Upper Primary,3-Co-educational,1–8,Rural,Operational,Aawaleghat,Chargaon,Parseoni
1485,"Z.P. PS, CHARGAON",27090802201,MAHARASHTRA,NAGPUR,PARSEONI,"Z.P. PS, KENDRIYA NAVEGAONKHAIRI ",CHARGAON,441105.0,post navegaon khairi tah parshioni dist nag,kamdeshionarayan@gmail.com,Local Body,Primary,3-Co-educational,1–4,Rural,Operational,Chargaon,Chargaon,Parseoni
1486,"Z.P. PS, KENDRIYA NAVEGAONKHAIRI",27090802501,MAHARASHTRA,NAGPUR,PARSEONI,"Z.P. PS, KENDRIYA NAVEGAONKHAIRI ",GHATKHAIRI,441105.0,at po navegaon khairi tah parshioni dis nag,kiranbhoyar1977@gmail.com,Local Body,Primary,3-Co-educational,1–4,Rural,Operational,Navegaon(Khairi),Navegaon(K),Parseoni
1487,"RASHTRIYA ADARSHA VID., NAVEGAON",27090802601,MAHARASHTRA,NAGPUR,PARSEONI,"Z.P. PS, KENDRIYA NAVEGAONKHAIRI ",NAVEGAON,441105.0,At post Navegao Khairy Th. Parsioni Dist Nagpur,rajubarve9273@gmail.com,Other State Govt. Managed,Pr. with Up.Pr. Sec. and H.Sec.,3-Co-educational,5–12,Rural,Operational,Navegaon(Khairi),Navegaon(K),Parseoni
1488,"Z.P. PS, PENCH (BACHCHERA)",27090802701,MAHARASHTRA,NAGPUR,PARSEONI,"Z.P. PS, KENDRIYA NAVEGAONKHAIRI ",BACHCHHERA,441105.0,post navrgaon khairi tah parshioni dist nag,zppspench@gmail.com,Local Body,Primary,3-Co-educational,1–4,Rural,Operational,Bachhera,Chargaon,Parseoni
1489,"Z.P. PS, PALASWALI",27090802901,MAHARASHTRA,NAGPUR,PARSEONI,"Z.P. PS, KENDRIYA NAVEGAONKHAIRI ",PALASAWALI,441105.0,at.Palasawali. po.Navegaon Khairy. Parshiwani,pravinjadhao720@gmail.com,Local Body,Primary,3-Co-educational,1–5,Rural,Operational,Palasavali,Palasavali,Parseoni
1490,"Z.P. PS, KONDASAWALI",27090803001,MAHARASHTRA,NAGPUR,PARSEONI,"Z.P. PS, KENDRIYA NAVEGAONKHAIRI ",KONDASAWALI,441105.0,post navegaon khairi tah parshioni dist nagpur,zppskondasawali@gmail.com,Local Body,Primary,3-Co-educational,1–4,Rural,Operational,Kondasawari,Palasavali,Parseoni
1491,"Z.P.  PS, BITOLI",27090803301,MAHARASHTRA,NAGPUR,PARSEONI,"Z.P. PS, KENDRIYA NAVEGAONKHAIRI ",BITOLI,441105.0,post navegaon khairi tah parshioni dist nagpur,zpschoolbitoli@gmail.com,Local Body,Primary,3-Co-educational,1–4,Rural,Operational,Bitoli,Bitoli,Parseoni
1492,SHREE CONVENT BITOLI,27090803302,MAHARASHTRA,NAGPUR,PARSEONI,"Z.P. PS, KENDRIYA NAVEGAONKHAIRI ",BITOLI,441105.0,BITOLI TAH PARSEONI POST NANEGAON KHAIRI,ashishsthakre52@gmail.com,Private Unaided (Recognized) ,Primary,3-Co-educational,1–5,Rural,Operational,Bitoli,Bitoli,Parseoni
1493,"KRUSHNA PUBLIC SCHOOL,BITOLI,BHULEWADI,PARSHIWANI",27090803304,MAHARASHTRA,NAGPUR,PARSEONI,,BITOLI,441105.0,,,Unrecognized,Primary,3-Co-educational,1–4,,Permanently Closed,,,
1494,"Z.P. PS, NEORWADA",27090803401,MAHARASHTRA,NAGPUR,PARSEONI,"Z.P. PS, KENDRIYA NAVEGAONKHAIRI ",NEORWADA,441105.0,At . Neurwada Post. Navegaon Khairi Tha. Parseoni Zilha Nagpur,zpprischoolneurwada@gmail.com,Local Body,Primary,3-Co-educational,1–5,Rural,Operational,Neurwada,Navegaon(K),Parseoni
1495,"Z.P. PS, PALI",27090803501,MAHARASHTRA,NAGPUR,PARSEONI,"Z.P. PS, KENDRIYA NAVEGAONKHAIRI ",PALI,441105.0,post mahuli tah parshioni dist nagpur,zpprischoolpali@gmail.com,Local Body,Primary,3-Co-educational,1–4,Rural,Operational,Pali,Umripali,Parseoni
1496,"Z.P. PS, UMARI",27090803701,MAHARASHTRA,NAGPUR,PARSEONI,"Z.P. PS, KENDRIYA NAVEGAONKHAIRI ",UMARI,441105.0,post mahuli tah parshioni dist nag,zpumari2014@yahoo.com,Local Body,Primary,3-Co-educational,1–4,Rural,Operational,Umari,Umripali,Parseoni
1497,"Z.P. PS, SALAI-MAHULI",27090803801,MAHARASHTRA,NAGPUR,PARSEONI,"Z.P. PS, KENDRIYA NAVEGAONKHAIRI ",SALAI-MAHULI,441105.0,post mahuli tah parshioni dist nag,zppssalaim@gmail.com,Local Body,Primary,3-Co-educational,1–4,Rural,Operational,Salai(Mahuli),Salai(Ma),Parseoni
1498,"Z.P. PS, AAMGAON",27090803901,MAHARASHTRA,NAGPUR,PARSEONI,"Z.P. PS, KENDRIYA NAVEGAONKHAIRI ",AAMGAON,441105.0,at amgaon post navegaon tah parshioni,zppsamgaon@gmail.com,Local Body,Primary,3-Co-educational,1–4,Rural,Operational,Amgaon,Aamgaon,Parseoni
1499,"Z.P. PS, KALBHAIRAV (PETH)",27090804101,MAHARASHTRA,NAGPUR,PARSEONI,"Z.P. PS, KENDRIYA NAVEGAONKHAIRI ",KALBHAIRAV (PETH),441105.0,post navegaon khairi tah parshioni dist nagpur,kalbhairaw1990peth@gmail.com,Local Body,Primary,3-Co-educational,1–5,Rural,Operational,Kalbhairao,Palasavali,Parseoni
1500,"Z.P. PS, TEKADI (KANHADEVI)",27090804201,MAHARASHTRA,NAGPUR,PARSEONI,"PM SHRI Z.P. PS, DAHEGAON JOSHI ",TEKADI (KANHADEVI),441105.0,"Post-Kothurna, Tah-PARSEONI",zpprischooltekadikanhadevi@gmail.com,Local Body,Primary,3-Co-educational,1–5,Rural,Operational,Kanhadevi,Tekadi(Ka),Parseoni
1501,"Z.P. UPS, SALAI (MOKASA)",27090804301,MAHARASHTRA,NAGPUR,PARSEONI,"PM SHRI Z.P. PS, DAHEGAON JOSHI ",SALAI (MOKASA),441105.0,"AT-SALAI MOKASA, POST-KOTHURNA, TAH-PARSEONI, DIST-NAGPUR, MAHARASHTRA",zpupss@gmail.com,Local Body,Primary with Upper Primary,3-Co-educational,1–8,Rural,Operational,Salai (Tekadi),Salai(Mo),Parseoni
1502,"Z.P. PS, MOGARA",27090804401,MAHARASHTRA,NAGPUR,PARSEONI,"PM SHRI Z.P. PS, DAHEGAON JOSHI ",MOGARA,441101.0,RAILWAY STATION ROAD CIVIL LINE SAONER,zpprischoolmogra@gmail.com,Local Body,Primary,3-Co-educational,1–4,Rural,Operational,Mogra,Sawli,Parseoni
1503,"Z.P. PS, SAWALI",27090804501,MAHARASHTRA,NAGPUR,PARSEONI,"PM SHRI Z.P. PS, DAHEGAON JOSHI ",SAWALI,441101.0,At.SAWALI Po.PARSEONI TAL.PARSEONI,zpprischoolsawali@gmail.com,Local Body,Primary,3-Co-educational,1–4,Rural,Operational,Sawli,Sawli,Parseoni
1504,MILESTONE PUBLIC SCHOOL SAWALI,27090804502,MAHARASHTRA,NAGPUR,PARSEONI,"PM SHRI Z.P. PS, DAHEGAON JOSHI ",SAWALI,441105.0,SAWALI Tah- Parseoni Dist- Nagpur,milestoneeducation21@gmail.com,Private Unaided (Recognized) ,Pr. with Up.Pr. Sec. and H.Sec.,3-Co-educational,1–12,Rural,Operational,Sawli,Sawli,Parseoni
1505,"Z.P. PS, SAKARLA",27090804601,MAHARASHTRA,NAGPUR,PARSEONI,"PM SHRI Z.P. PS, DAHEGAON JOSHI ",SAKARLA,441105.0,AT SAKARALA PO DAHEGAON JOSHI,vijayboriwar22@gmail.com,Local Body,Primary,3-Co-educational,1–4,Rural,Operational,Sakarla,Nimba,Parseoni
1506,"Z.P. PS, KANHADEVI",27090804701,MAHARASHTRA,NAGPUR,PARSEONI,"PM SHRI Z.P. PS, DAHEGAON JOSHI ",KANHADEVI,441105.0,AtKanhaeviTaparseoni,zpprischkanhadevi@gmail.com,Local Body,Primary,3-Co-educational,1–4,Rural,Operational,Kanhadevi,Tekadi(Ka),Parseoni
1507,"Z.P. PS, BHAGIMAHARI",27090804901,MAHARASHTRA,NAGPUR,PARSEONI,"PM SHRI Z.P. PS, DAHEGAON JOSHI ",BHAGIMAHARI,441105.0,At Bhagemahari PO Ta Parseoni,manasvi180614@gmail.com,Local Body,Primary,3-Co-educational,1–5,Rural,Operational,Bhagimahari,Bhagimahari,Parseoni
1508,"Z.P. PS, PENDHARI",27090805001,MAHARASHTRA,NAGPUR,PARSEONI,"PM SHRI Z.P. PS, DAHEGAON JOSHI ",PENDHARI,441105.0,"Z.P. PS, PENDHARI Ta- PARSEONI",zpprischoolpendhari@gmail.com,Local Body,Primary,3-Co-educational,1–4,Rural,Operational,Pendhari,Bhagimahari,Parseoni
1509,"Z.P. UPS, NIMBA",27090805101,MAHARASHTRA,NAGPUR,PARSEONI,"PM SHRI Z.P. PS, DAHEGAON JOSHI ",NIMBA,441105.0,At Nimba Ta Parseoni Dist Nagpur,zpprischoolnimba@gmail.com,Local Body,Primary with Upper Primary,3-Co-educational,1–7,Rural,Operational,Nimba,Nimba,Parseoni
1510,"Z.P. PS, CHICHOLI",27090805201,MAHARASHTRA,NAGPUR,PARSEONI,"PM SHRI Z.P. PS, DAHEGAON JOSHI ",CHICHOLI,441105.0,Z.P.PRIMARY SCHOOL CHICHOLI,dhatrakurmila@gmail.com,Local Body,Primary,3-Co-educational,1–5,Rural,Operational,Chicholi,Sawli,Parseoni
1511,"Z.P.UPS, MAHADULA",27090805301,MAHARASHTRA,NAGPUR,PARSEONI,"PM SHRI Z.P. PS, DAHEGAON JOSHI ",MAHADULA,441105.0,Z.P.U.PRIMARY SCHOOL MAHADUAL,zpupsmahadula1965@gmail.com,Local Body,Primary with Upper Primary,3-Co-educational,1–7,Rural,Operational,Mahadula,Sawli,Parseoni
1512,"PM SHRI Z.P. PS, DAHEGAON JOSHI",27090805401,MAHARASHTRA,NAGPUR,PARSEONI,"PM SHRI Z.P. PS, DAHEGAON JOSHI ",DAHEGAON _JOSHI,441105.0,near Bus Stop Dahegaon Joshi,zpprischdahegaojoshi@gmail.com,Local Body,Primary,3-Co-educational,1–4,Rural,Operational,Dahegaon (Joshi),Dahegaon(J),Parseoni
1513,"NAVPRATIBHA HS., DAHEGAON_JOSHI",27090805402,MAHARASHTRA,NAGPUR,PARSEONI,"PM SHRI Z.P. PS, DAHEGAON JOSHI ",DAHEGAON _JOSHI,441105.0,DAHEGAONJOSHITAPARSEONI,loharevs@gmail.com,Other State Govt. Managed,Pr. Up Pr. and Secondary Only,3-Co-educational,5–10,Rural,Operational,Dahegaon (Joshi),Dahegaon(J),Parseoni
1514,"Z.P. UPS, KARAMBHAD",27090805501,MAHARASHTRA,NAGPUR,PARSEONI,"PM SHRI Z.P. PS, PARSEONI ",KARAMBHAD,441105.0,parseoni khapa raod karambhad,shailendranakade@gmail.com,Local Body,Primary with Upper Primary,3-Co-educational,1–7,Rural,Operational,Karmbhad,Karmbhad,Parseoni
1515,TATHAGAT VID AND JUNIOR COLLEGE KARAMBHAD,27090805502,MAHARASHTRA,NAGPUR,PARSEONI,"PM SHRI Z.P. PS, PARSEONI ",KARAMBHAD,441105.0,At Karambhad Ta Parseoni Dist Nagpur,tathagatvidyalaya202@gmail.com,Partially Govt. Aided,Pr. with Up.Pr. Sec. and H.Sec.,3-Co-educational,5–12,Rural,Operational,Karmbhad,Karmbhad,Parseoni
1516,SACRED HEART SCHOOL KARAMBHAD,27090805503,MAHARASHTRA,NAGPUR,PARSEONI,"PM SHRI Z.P. PS, PARSEONI ",KARAMBHAD,441105.0,Karambhad Parseoni Dist Nagpur 441105 ,sacredheartacademy82@gmail.com,Private Unaided (Recognized) ,Pr. Up Pr. and Secondary Only,3-Co-educational,1–10,Rural,Operational,Karmbhad,Karmbhad,Parseoni
1517,"Z.P. PS, BABHULWADA",27090805601,MAHARASHTRA,NAGPUR,PARSEONI,"PM SHRI Z.P. PS, PARSEONI ",BABHULWADA,441105.0,post parshioni tah parshioni dist nagpur,zpprischoolbabulwada@gmail.com,Local Body,Primary,3-Co-educational,1–4,Rural,Operational,Baburwada,Aamgaon,Parseoni
1518,"LAL BAHADURSHASTRI VID., BABHULWADA",27090805602,MAHARASHTRA,NAGPUR,PARSEONI,"PM SHRI Z.P. PS, PARSEONI ",BABHULWADA,441105.0,BABULWADA TAH PARSEONI DIST NAGPUR - M.S.,hmlalbahadurshastrividyalaya@gmail.com,Other State Govt. Managed,Pr. with Up.Pr. Sec. and H.Sec.,3-Co-educational,5–12,Rural,Operational,Baburwada,Aamgaon,Parseoni
1519,DWARKAMAI PUBLIC SCHOOL DUNDAKHAIRI,27090805701,MAHARASHTRA,NAGPUR,PARSEONI,"PM SHRI Z.P. PS, PARSEONI ",KONDHAKHAIRY,441105.0,at -Parseoni Th po -Parseoni Dist.-Nagpur,,Private Unaided (Recognized) ,Primary,3-Co-educational,1–5,Rural,Operational,Dundakhairi(Rithi),Aamgaon,Parseoni
1520,"Z.P. PS., KHANDALA(MARI)",27090805801,MAHARASHTRA,NAGPUR,PARSEONI,"PM SHRI Z.P. PS, PARSEONI ",KHANDALA (MARI),441105.0,AT KHANDALA M. PO ITGAON TAH PARSEONI,sangitajangade14@gmail.com,Local Body,Primary,3-Co-educational,1–5,Rural,Operational,Khandala (M],Khandala(Mari,Parseoni
1521,"Z.P. PS, DIGALWADI",27090805901,MAHARASHTRA,NAGPUR,PARSEONI,"PM SHRI Z.P. PS, PARSEONI ",DIGALWADI,441105.0,z p primary school Digalwadi ps. parseoni Dist Nagpur,hmdigalwadi@gmail.com,Local Body,Primary,3-Co-educational,1–5,Rural,Operational,Digalwadi,Itgaon,Parseoni
1522,"PM SHRI Z.P. PS, PARSEONI",27090806101,MAHARASHTRA,NAGPUR,PARSEONI,"PM SHRI Z.P. PS, PARSEONI ",PARSEONI,441105.0,"AT,POST,TALUKA PARSEONI",jaldhara314@gmail.com,Local Body,Primary,3-Co-educational,1–5,Urban,Operational,,,
1523,"RANILAXMIBAI PS, PARSEONI",27090806103,MAHARASHTRA,NAGPUR,PARSEONI,"PM SHRI Z.P. PS, PARSEONI ",PARSEONI,441105.0,AT-post-PARSEONI TH-parseoni dist- nagpur,ranilaxmi70@gmail.com,Other State Govt. Managed,Primary,3-Co-educational,1–4,Urban,Operational,,,
1524,"R.GANDHI PS, PARSEONI",27090806104,MAHARASHTRA,NAGPUR,PARSEONI,,PARSEONI,441105.0,Tq.Parseoni Dist.Nagpur,swatirfalke@gmail.com,Private Unaided (Recognized) ,Primary,3-Co-educational,1–4,Urban,Permanently Closed,,,
1525,"R.GANDHI CONVENT & PS, PARSEONI",27090806105,MAHARASHTRA,NAGPUR,PARSEONI,"PM SHRI Z.P. PS, PARSEONI ",PARSEONI,441105.0,R GANDHI CONVENT PS PARSEONI DIST NAGPUR,bangreashok@gmail.com,Private Unaided (Recognized) ,Primary with Upper Primary,3-Co-educational,1–8,Urban,Operational,,,
1526,"RANILAXMIBAI VID., PARSEONI",27090806106,MAHARASHTRA,NAGPUR,PARSEONI,"PM SHRI Z.P. PS, PARSEONI ",PARSEONI,441105.0,"Ramtek Road, Parseoni",ranilaxmi9270@gmail.com,Other State Govt. Managed,Pr. Up Pr. and Secondary Only,3-Co-educational,5–10,Urban,Operational,,,
1527,"KESRIMALPALIWAL VID., PARSEONI",27090806107,MAHARASHTRA,NAGPUR,PARSEONI,"PM SHRI Z.P. PS, PARSEONI ",PARSEONI,441105.0,Parseoni Dist. Nagpur ,kpvidyalayaparseoni@gmail.com,Other State Govt. Managed,Pr. with Up.Pr. Sec. and H.Sec.,3-Co-educational,5–12,Urban,Operational,,,
1528,HARIHAR VIDYALAYA PARSEONI,27090806108,MAHARASHTRA,NAGPUR,PARSEONI,"PM SHRI Z.P. PS, PARSEONI ",PARSEONI,441105.0,At Po Ta Parseoni Dist Nagpur,hariharjc@gmail.com,Other State Govt. Managed,Pr. with Up.Pr. Sec. and H.Sec.,3-Co-educational,5–12,Urban,Operational,,,
1529,THE LORDS PUBLIC SCHOOL PARSEONI,27090806109,MAHARASHTRA,NAGPUR,PARSEONI,"PM SHRI Z.P. PS, PARSEONI ",PARSEONI,441105.0,PARSEONI TAH - PARSEONI DIST- NAGPUR,rajeshjagnik15@gmail.com,Private Unaided (Recognized) ,Primary with Upper Primary,3-Co-educational,1–8,Urban,Operational,,,
1530,ARVIND INDO PUBLIC SCHOOL PARSEONI,27090806110,MAHARASHTRA,NAGPUR,PARSEONI,,PARSEONI,441105.0,"Ramtek Road, Parseoni. Ta-Parseoni. Dist-Nagpur. Pin Code-441105",aipsparseoni2008@gmail.com,Private Unaided (Recognized) ,Primary with Upper Primary,3-Co-educational,1–8,Urban,Closed,,,
1531,"DELHI ENGLISH MEDIUM SCHOOL, PARSEONI",27090806111,MAHARASHTRA,NAGPUR,PARSEONI,"PM SHRI Z.P. PS, PARSEONI ",PARSEONI,441105.0,At. Parseoni Khaparkheda Road Ward No. 06 Parseoni Dist Nagpur.,demsp9922@gmail.com,Private Unaided (Recognized) ,Primary with Upper Primary,3-Co-educational,1–8,Urban,Operational,,,
1532,UNIVERSAL ENGLISH MEDIUM SCHOOL PARSEONI,27090806112,MAHARASHTRA,NAGPUR,PARSEONI,"PM SHRI Z.P. PS, PARSEONI ",PARSEONI,441105.0,AtPoTa-Parseoni- DistNagpur,universalparseoni2016@gmail.com,Private Unaided (Recognized) ,Primary,3-Co-educational,1–5,Urban,Operational,,,
1533,"SAIBABA SCIENCE AND COMMERCE JUNIOR COLLEGE, PARSEONI",27090806113,MAHARASHTRA,NAGPUR,PARSEONI,"PM SHRI Z.P. PS, PARSEONI ",PARSEONI,441105.0,at Parseoni WD No.06 Po. Tah Parseoni Khaparkheda Road Parseoni Pin 441105,murlidharchande@gmail.com,Private Unaided (Recognized) ,Higher Secondary only/Jr. College,3-Co-educational,11–12,Urban,Operational,,,
1534,"DELHI ENGLISH MEDIUM HIGH SCHOOL,PARSHIWANI",27090806114,MAHARASHTRA,NAGPUR,PARSEONI,"PM SHRI Z.P. PS, PARSEONI ",PARSEONI,400004.0,At. Po. Tah Parseoni Dist Nagpur PIN.441105,demhsp9922@gmail.com,Private Unaided (Recognized) ,Secondary Only,3-Co-educational,9–10,Urban,Operational,,,
1535,SAROJINI PUBLIC SCHOOL PARSEONI,27090806115,MAHARASHTRA,NAGPUR,PARSEONI,"PM SHRI Z.P. PS, PARSEONI ",PARSEONI,441105.0,SAROJINI PUBLIC SCHOOL PARSEONI,spsparseoni22@gmail.com,Private Unaided (Recognized) ,Pr. Up Pr. and Secondary Only,3-Co-educational,1–10,Urban,Operational,,,
1536,"Z.P. PS, PALORA",27090806201,MAHARASHTRA,NAGPUR,PARSEONI,"PM SHRI Z.P. PS, PARSEONI ",PALORA,441105.0,At- palora post- parseoni th- parseoni,ukeygeeta13@gmail.com,Local Body,Primary,3-Co-educational,1–5,Rural,Operational,Palora,Palora,Parseoni
1537,"Z.P. PS, PALORA TOLA",27090806202,MAHARASHTRA,NAGPUR,PARSEONI,,PALORA,441105.0,,,Local Body,Primary,3-Co-educational,1–4,,Permanently Closed,,,
1538,RAINBOW ENGLISH MEDIUM  SCHOOL PALORA PARSEONI,27090806203,MAHARASHTRA,NAGPUR,PARSEONI,"PM SHRI Z.P. PS, PARSEONI ",PALORA,441105.0,At Parseoni Ta Parseini Dist Nagpur,hiralalgiradkar65@gmail.com,Private Unaided (Recognized) ,Primary,3-Co-educational,1–5,Rural,Operational,Palora,Palora,Parseoni
1539,"Z.P.UPS, MEHANDI",27090806301,MAHARASHTRA,NAGPUR,PARSEONI,"PM SHRI Z.P. PS, PARSEONI ",MEHANDI,441105.0,AT MAHWNDI PO NAYAKUND TA PARSEONI,zpupschoolmehandi@gmail.com,Local Body,Primary with Upper Primary,3-Co-educational,1–7,Rural,Operational,Mehandi,Mahendri,Parseoni
1540,"Z.P. PS, PIPALA",27090806401,MAHARASHTRA,NAGPUR,PARSEONI,"PM SHRI Z.P. PS, PARSEONI ",PIPALA,441105.0,ZP PIPLA POST PARSEONI TALUKA PARSEONI ZILLA NAGPUR,z.p.schoolpipla@gmail.com,Local Body,Primary,3-Co-educational,1–5,Rural,Operational,Pipla,Pipla,Parseoni
1541,"Z.P. PS, PARSODI",27090806501,MAHARASHTRA,NAGPUR,PARSEONI,"PM SHRI Z.P. PS, PARSEONI ",PARSODI,441105.0,AT PARSODI TH PARSONI DIST NAGPUR,zpprischoolparsodi@gmail.com,Local Body,Primary,3-Co-educational,1–4,Rural,Operational,Parsodi,Pipla,Parseoni
1542,"Z.P. PS, WAGHODA",27090806601,MAHARASHTRA,NAGPUR,PARSEONI,"PM SHRI Z.P. PS, PARSEONI ",WAGHODA,441105.0,ZP PARIMARY SCHOOL WAGHODA AT POST HINGNA TH PARSONI DIST NAGPUR 441105,sadhanachute51@gmail.com,Local Body,Primary,3-Co-educational,1–5,Rural,Operational,Waghoda,Waghoda,Parseoni
1543,"Z.P. UPS, PARDI",27090806701,MAHARASHTRA,NAGPUR,PARSEONI,"Z.P. UPS, TAMASWADI ",PARDI,441105.0,AT -PARDI POST- ITGAON TH- PARSEONI DIST-NAGPUR,nandakishorbawankude@gmail.com,Local Body,Primary with Upper Primary,3-Co-educational,1–7,Rural,Operational,Pardi(Rithi),Suwardara,Parseoni
1544,"Z.P. UPS, ITGAON",27090806801,MAHARASHTRA,NAGPUR,PARSEONI,"Z.P. UPS, TAMASWADI ",ITGAON,441105.0,At Post. Itgaon Parseoni,bodedhanraj@gmail.com,Local Body,Primary with Upper Primary,3-Co-educational,1–8,Rural,Operational,Itgaon,Itgaon,Parseoni
1545,"Z.P. PS, GUNDHARI (WANDHE)",27090806901,MAHARASHTRA,NAGPUR,PARSEONI,"Z.P. UPS, TAMASWADI ",GUNDHARI (WANDHE,441105.0,AT GUNDHARI WANDHE POST ITGAON THPARSEONI DIST NIGPUR,wasudeojiwtode@gmail.com,Local Body,Primary,3-Co-educational,1–5,Rural,Operational,Gundhari (Wandhe),Gundriwandhe,Parseoni
1546,"Z.P. UPS, TAMASWADI",27090807001,MAHARASHTRA,NAGPUR,PARSEONI,"Z.P. UPS, TAMASWADI ",TAMASWADI,441102.0,at-post- Tamaswadi -th- parseoni - diss- nagpur,zpprischooltamaswadi@gmail.com,Local Body,Primary with Upper Primary,3-Co-educational,1–7,Rural,Operational,Tamaswadi,Tamaswadi,Parseoni
1547,BHARTIYA ADARSHA VID. TAMASWADI,27090807002,MAHARASHTRA,NAGPUR,PARSEONI,"Z.P. UPS, TAMASWADI ",TAMASWADI,441102.0,At-tamaswadi th- parseoni Disst- Nagpur,laxmanbhogare40@gmail.com,Other State Govt. Managed,Pr. Up Pr. and Secondary Only,3-Co-educational,5–10,Rural,Operational,Tamaswadi,Tamaswadi,Parseoni
1548,"Z.P. PS, SONEGAON",27090807101,MAHARASHTRA,NAGPUR,PARSEONI,"Z.P. UPS, TAMASWADI ",SONEGAON,441102.0,AT- SONEGAON POST- TAMASWADI- TH-PARSEONI -DIST- NAGPUR,zpprischoolsonegaon@gmail.com,Local Body,Primary,3-Co-educational,1–5,Rural,Operational,Sonegaon,Gundriwandhe,Parseoni
1549,"Z.P. PS, GAWANA",27090807201,MAHARASHTRA,NAGPUR,PARSEONI,"Z.P. UPS, TAMASWADI ",GAWANA,441105.0,AT GAWANA POST TAMASWADI TH PARSEONI DIST NAGPUR,zpprischoolgavana@gmail.com,Local Body,Primary,3-Co-educational,1–4,Rural,Operational,Gawana,Gawna,Parseoni
1550,"Z.P. PS, GARANDA",27090807301,MAHARASHTRA,NAGPUR,PARSEONI,"Z.P. UPS, TAMASWADI ",GARANDA,441105.0,Garanda po- Hingna bara bhai th- parseoni dist - nagpur,zppsgaranda1964@gmail.com,Local Body,Primary,3-Co-educational,1–4,Rural,Operational,Garanda,Gawna,Parseoni
1551,"Z.P. PS, HINGANA BARBHAI",27090807401,MAHARASHTRA,NAGPUR,PARSEONI,"Z.P. UPS, TAMASWADI ",HINGANA BARABHAI,441102.0,AthingnabarabhaiTaparseoni,zpschoolhinganab@gmail.com,Local Body,Primary,3-Co-educational,1–5,Rural,Operational,Hingana (Ba),Hingnabori,Parseoni
1552,"Z.P. PS, SINGORI",27090807501,MAHARASHTRA,NAGPUR,PARSEONI,"Z.P. UPS, TAMASWADI ",SINGORI,441105.0,Z P PS SINGORI TQ PARSEONI,zpprisschool@gmail.com,Local Body,Primary,3-Co-educational,1–4,Rural,Operational,Singori,Hingnabori,Parseoni
1553,"Z.P. PS, SAHOLI",27090807601,MAHARASHTRA,NAGPUR,PARSEONI,"Z.P. UPS, TAMASWADI ",SAHOLI,441102.0,SAHOLI POST TAMASWADI TH PARSONE DIST NAGPUR,zpprimaryschoolsaholi@gmail.com,Local Body,Primary,3-Co-educational,1–4,Rural,Operational,Soholi,Dorli,Parseoni
1554,"Z.P. UPS, DORALI",27090807701,MAHARASHTRA,NAGPUR,PARSEONI,"Z.P. UPS, TAMASWADI ",DORALI,441105.0,AT DORLI TH PARSEONI DIST NAGPUR,zpupsdorli@gmail.com,Local Body,Primary with Upper Primary,3-Co-educational,1–7,Rural,Operational,Dorli,Dorli,Parseoni
1555,"SRI CHAKR ADHAR PR MDH  VID, DORALI",27090807702,MAHARASHTRA,NAGPUR,PARSEONI,"Z.P. UPS, TAMASWADI ",DORALI,441102.0,AT DORLI POST HINGNA BARABHAI VIA KHAPARKHEDA TAH PARSEONI DIST NAGPUR 441102,scpmv.dorli@gmail.com,Partially Govt. Aided,Upper Pr. and Secondary,3-Co-educational,8–10,Rural,Operational,Dorli,Dorli,Parseoni
1556,"Z.P. PS, GHUKASI",27090807801,MAHARASHTRA,NAGPUR,PARSEONI,"Z.P. UPS, AMADI ",GHUKASI,441105.0,AT-GHUKASI PO-MAHULI ,zppsghukshi@gmail.com,Local Body,Primary,3-Co-educational,1–4,Rural,Operational,Ghukashi,Umripali,Parseoni
1557,"Z.P. PS, KALAPATHA",27090807901,MAHARASHTRA,NAGPUR,PARSEONI,"Z.P. UPS, AMADI ",KALAPATHA,441105.0,AT. KALAPATA PO. MAHULI TA. PARSEONI DIST. NAGPUR,,Local Body,Primary,3-Co-educational,1–4,Rural,Operational,Kalapatha,Mahuli,Parseoni
1558,"Z.P. UPS, MAHULI",27090808001,MAHARASHTRA,NAGPUR,PARSEONI,"Z.P. UPS, AMADI ",MAHULI,441105.0,AT-PO- MAHULI TA- PARSEONI DI- NAGPUR 441105,zpupsmahuli@gmail.com,Local Body,Primary with Upper Primary,3-Co-educational,1–7,Rural,Operational,Mahuli,Mahuli,Parseoni
1559,"AKHILESH HS, MAHULI",27090808002,MAHARASHTRA,NAGPUR,PARSEONI,"Z.P. UPS, AMADI ",MAHULI,441105.0,AKHILESH HIGH SCHOOL MAHULI AT.MAHULI TA. PARSEONI DIST. NAGPUR ,hm.ahsm@gmail.com,Other State Govt. Managed,Pr. Up Pr. and Secondary Only,3-Co-educational,5–10,Rural,Operational,Mahuli,Mahuli,Parseoni
1560,"KHALATKAR ENGLISH MEDIUM SCHOOL, MAHULI",27090808003,MAHARASHTRA,NAGPUR,PARSEONI,,MAHULI,441105.0,At.Kalapata Road .Mahjuli,khalatkarenglishmediumschool@gmail.com,Private Unaided (Recognized) ,Primary,3-Co-educational,1–5,Rural,Sanctioned but not Operational,Mahuli,Mahuli,Parseoni
1561,"Z.P. PS, GUNDHARI (PANDE)",27090808101,MAHARASHTRA,NAGPUR,PARSEONI,"Z.P. UPS, AMADI ",GUNDHARI (PANDE),441105.0,GUNDRI PANDE PO. MAHULI TA. PARSEONI DI. NAGPUR,,Local Body,Primary,3-Co-educational,1–4,Rural,Operational,Gundhari (Pande),Mahuli,Parseoni
1562,"Z.P. PS, CHICHBHAVAN",27090808201,MAHARASHTRA,NAGPUR,PARSEONI,"Z.P. UPS, AMADI ",CHICHBHAVAN,441105.0,AT. CHICHBHAVAN PO. NAYAKUND TA. PARSEONI DIST. NAGPUR,zppschichbhavan@gmail.com,Local Body,Primary,3-Co-educational,1–4,Rural,Operational,Chichbhuwan,Mahuli,Parseoni
1563,"Z.P. UPS, NAYAKUND",27090808301,MAHARASHTRA,NAGPUR,PARSEONI,"Z.P. UPS, AMADI ",NAYAKUND,441105.0,AT. NAYAKUND PO. NAYAKUND TA. PARSEONI DIST. NAGPUR,zpupsnayakund@gmail.com,Local Body,Primary with Upper Primary,3-Co-educational,1–8,Rural,Operational,Nayakund,Nayakund,Parseoni
1564,"Z.P. UPS, AMADI",27090808401,MAHARASHTRA,NAGPUR,PARSEONI,"Z.P. UPS, AMADI ",AMADI,441105.0,AMDI PO. KHANDAL DU. TA. PARSEONI,zpupsamadi@gmail.com,Local Body,Primary with Upper Primary,3-Co-educational,1–7,Rural,Operational,Aamdi,Aamdi,Parseoni
1565,"Z.P. PS, HIWARI(AMADI)",27090808403,MAHARASHTRA,NAGPUR,PARSEONI,"Z.P. UPS, AMADI ",AMADI,441105.0,AT HIWARI AMADI TAH PARSEONI DIST NAGPUR,zppschoolhiwari@gmail.com,Local Body,Primary,3-Co-educational,1–5,Rural,Operational,Hiwari,Aamdi,Parseoni
1566,"Z.P. UPS, KHANDALA(DUMARI)",27090808601,MAHARASHTRA,NAGPUR,PARSEONI,"Z.P. UPS, AMADI ",KHANDALA (DUMARI),441105.0,At. Po. Khandala Dumari Ta. Parseoni Dist. Nagpur,lohiarvind@gmail.com,Local Body,Primary with Upper Primary,3-Co-educational,1–7,Rural,Operational,Khandala (Du),Khandala(Du),Parseoni
1567,"Z.P. PS, DUMARI KALA",27090808701,MAHARASHTRA,NAGPUR,PARSEONI,"Z.P. PS, KENDRA, SATAK ",DUMARI KALA,441105.0,AT DUMARI KALA PO KHANDALA DUMRI TAH PARSEONI DIST NAGPUR,bharthihumne66@gmail.com,Local Body,Primary,3-Co-educational,1–4,Rural,Operational,Dumari Kala,Dumri(Kala),Parseoni
1568,"Z.P. PS, DUMARI KHURD",27090808801,MAHARASHTRA,NAGPUR,PARSEONI,"Z.P. PS, KENDRA, SATAK ",DUMARI KHURD,441105.0,AT-DUMARI KHURD PO-KHANDALA TAH-PARSEONI DIST-NAGPUR,zpprischooldumrikhurd@yahoo.com,Local Body,Primary,3-Co-educational,1–5,Rural,Operational,Dumari Kh.,Kerdi,Parseoni
1569,"Z.P. PS, KENDRA, SATAK",27090808901,MAHARASHTRA,NAGPUR,PARSEONI,"Z.P. PS, KENDRA, SATAK ",SATAK,441106.0,AT-PO SATAK TAH PASEONI DIST NAGPUR,,Local Body,Primary,3-Co-educational,1–4,Rural,Operational,Satak,Satak,Parseoni
1570,"AKHILESH HS, SATAK",27090808902,MAHARASHTRA,NAGPUR,PARSEONI,"Z.P. PS, KENDRA, SATAK ",SATAK,441106.0,at.post satak tah.parsioni dis.nagpur,akhileshhsatak@gmail.com,Other State Govt. Managed,Pr. Up Pr. and Secondary Only,3-Co-educational,5–10,Rural,Operational,Satak,Satak,Parseoni
1571,"PARADISE CONVENT ENGLISH PRIMARY SCHOOL, SATAK",27090808903,MAHARASHTRA,NAGPUR,PARSEONI,"Z.P. PS, KENDRA, SATAK ",SATAK,441106.0,AT POST SATAK TAH PARSEONI,paradiseengschoolsatak1@gmail.com,Private Unaided (Recognized) ,Pr. Up Pr. and Secondary Only,3-Co-educational,1–10,Rural,Operational,Satak,Satak,Parseoni
1572,"Z.P. PS, BELDONGARI",27090809001,MAHARASHTRA,NAGPUR,PARSEONI,"Z.P. PS, KENDRA, SATAK ",BELDONGARI,441106.0,"At-Beldongri,po-satak,Tah-Parseoni,Dist-Nagpur.441106",zppsbeldongri@gmail.com,Local Body,Primary,3-Co-educational,1–4,Rural,Operational,Beldongari,Banpuri,Parseoni
1573,"Z.P. UPS, BANPURI",27090809201,MAHARASHTRA,NAGPUR,PARSEONI,"Z.P. PS, KENDRA, SATAK ",BANPURI,441106.0,AT-BANPURI PO-SATAK TAH- PARSEONI DIST-NAG,ashokkumbhare400@gmail.com,Local Body,Primary with Upper Primary,3-Co-educational,1–8,Rural,Operational,Banpuri,Banpuri,Parseoni
1574,"Z.P. PS, TELANGKHEDI",27090809301,MAHARASHTRA,NAGPUR,PARSEONI,"Z.P. PS, KENDRA, SATAK ",TELANGKHEDI,441105.0,AT TELANGKHEDI PO SATAK TAH PARSEONI DIST NAGPUR,dineshdpachpute20@gmail.com,Local Body,Primary,3-Co-educational,1–4,Rural,Operational,Telang Khedi,Nimkheda,Parseoni
1575,"Z.P. UPS, KERDI",27090809401,MAHARASHTRA,NAGPUR,PARSEONI,"Z.P. PS, KENDRA, SATAK ",KERDI,441105.0,AT KERDI PO KHANDALA DUMARI TAH PARSEONI DIST NAGUR ,ashokkumbhare400@gmail.com,Local Body,Primary with Upper Primary,3-Co-educational,1–8,Rural,Operational,Keradi,Kerdi,Parseoni
1576,"Z.P. UPS, NIMKHEDA",27090809701,MAHARASHTRA,NAGPUR,PARSEONI,"Z.P. PS, KENDRA, SATAK ",NIMKHEDA,441106.0,AT NIMKHEDA PO-SATAK TAH PARSEONI DIST-NAGPUR,nzpunimkheda1975@gmail.com,Local Body,Primary with Upper Primary,3-Co-educational,1–8,Rural,Operational,Nimkheda,Nimkheda,Parseoni
1577,"Z.P. PS, KHEDI",27090809801,MAHARASHTRA,NAGPUR,PARSEONI,"Z.P. PS, KENDRA, SATAK ",KHEDI,441401.0,AT-KHEDI PO-SALWA TAH- PARSEONI DIST- NAGPUR,,Local Body,Primary,3-Co-educational,1–4,Rural,Operational,Khedi,Khedi,Parseoni
1578,"Z.P. PS, BORIRANI",27090809901,MAHARASHTRA,NAGPUR,PARSEONI,"Z.P. PS, KENDRA, SATAK ",BORIRANI,441106.0,Borirani P.S. Parseoni ,zppborirani@rediffmail.com,Local Body,Primary,3-Co-educational,1–4,Rural,Operational,Bori (Rani),Khedi,Parseoni
1579,"Z.P. UPS, BORDA GANESHI",27090810001,MAHARASHTRA,NAGPUR,PARSEONI,"Z.P. PS, KENDRA, SATAK ",BORDA GANESHI,441105.0,AT BORDA GANESHI PO GONDEGAON TAH PARSEONI DIST NAGPUR,mayambhute23@gmail.com,Local Body,Primary with Upper Primary,3-Co-educational,1–7,Rural,Operational,Borada (Ganeshi),Borda,Parseoni
1580,SAINATH VID. BORDA GANESHI,27090810002,MAHARASHTRA,NAGPUR,PARSEONI,"Z.P. PS, KENDRA, SATAK ",BORDA GANESHI,441404.0,at.borda post.gondegaon tah.parsionoi dis.nagpur,lbarve90@gmail.com,Other State Govt. Managed,Pr. Up Pr. and Secondary Only,3-Co-educational,5–10,Rural,Operational,Borada (Ganeshi),Borda,Parseoni
1581,"Z.P. PS, BAKHARI",27090810101,MAHARASHTRA,NAGPUR,PARSEONI,"Z.P. UPS, WARADA ",BAKHARI,441105.0,"AT. BAKHARI, POST NAYAKUND, TAH. PARSEONI, DIST. NAGPUR 441105",zppsbakhari01071954@gmail.com,Local Body,Primary,3-Co-educational,1–5,Rural,Operational,Bakhari,Bakhari,Parseoni
1582,"Z.P. PS, NANDGAON",27090810201,MAHARASHTRA,NAGPUR,PARSEONI,"Z.P. UPS, WARADA ",NANDGAON,441404.0,"Nandgaon, po.Gondegaon",zppsnandgaon59@gmail.com,Local Body,Primary,3-Co-educational,1–5,Rural,Operational,Nandgaon,Nandgaon,Parseoni
1583,"Z.P. PS, DUMARI STATION(NANDGAON)",27090810202,MAHARASHTRA,NAGPUR,PARSEONI,,NANDGAON,441105.0,"AT-DUMARI STATION PO-NANDGAON,TAH- PARSEONI,DIST-NAGPUR.",,Local Body,Primary,3-Co-educational,1–5,Rural,Closed,Nandgaon,Nandgaon,Parseoni
1584,"Z.P. PS, WAGHOLI",27090810301,MAHARASHTRA,NAGPUR,PARSEONI,"Z.P. UPS, WARADA ",WAGHOLI,441404.0,AT. WAGHOLI PO. GONDEGAON TA. PARSEONI DI. NAGPUR,zppswagholi@gmail.com,Local Body,Primary,3-Co-educational,1–5,Rural,Operational,Wagholi,Warada,Parseoni
1585,"Z.P. PS, YESAMBA",27090810401,MAHARASHTRA,NAGPUR,PARSEONI,"Z.P. UPS, WARADA ",YESAMBA,441404.0,YESAMBA GONDEGAON PARSEONI,pande.vishwas3781@gmail.com,Local Body,Primary,3-Co-educational,1–5,Rural,Operational,Yesamba,Ghatrohna,Parseoni
1586,"Z.P. UPS, WARADA",27090810501,MAHARASHTRA,NAGPUR,PARSEONI,"Z.P. UPS, WARADA ",WARADA,441404.0,WARADA GONDEGAON PARSEONI,,Local Body,Primary with Upper Primary,3-Co-educational,1–7,Rural,Operational,Warada,Warada,Parseoni
1587,"YASHAVANT VID., WARADA",27090810502,MAHARASHTRA,NAGPUR,PARSEONI,"Z.P. UPS, WARADA ",WARADA,441401.0,J.N.Road Warada stop. Tah. Parseoni,hmyashwantvidyalaya@gmail.com,Other State Govt. Managed,Pr. Up Pr. and Secondary Only,3-Co-educational,5–10,Rural,Operational,Warada,Warada,Parseoni
1588,"Z.P. UPS, GONDEGAON",27090810601,MAHARASHTRA,NAGPUR,PARSEONI,"Z.P. UPS, WARADA ",GONDEGAON,441404.0,AT. PO. GONDEGAON TA. PARSEONI DI. NAGPUR,zpupsgondegaon1920@gmail.com,Local Body,Primary with Upper Primary,3-Co-educational,1–8,Rural,Operational,Gondegaon,Gondegaon,Parseoni
1589,"Z.P. UPS, KANDRI 1",27090810701,MAHARASHTRA,NAGPUR,PARSEONI,"Z.P. UPS, WARADA ",KANDRI,441106.0,AT KANDRI POST KANHAN TA PARSEONI DIST NAGPUR,,Local Body,Primary with Upper Primary,3-Co-educational,1–7,Rural,Operational,Tekadi(Kanha),Tekadi(Ka),Parseoni
1590,"Z.P. UPS, KANDRI 2",27090810702,MAHARASHTRA,NAGPUR,PARSEONI,,KANDRI,441401.0,,,Local Body,Primary with Upper Primary,3-Co-educational,1–7,,Permanently Closed,,,
1591,"ANJANABAI MATIMAND SCHOOL, KANDRI",27090810703,MAHARASHTRA,NAGPUR,PARSEONI,"Z.P. PS, KENDRA, KANHAN ",KANDRI,441401.0,Kandhri Kanhan Parseoni,anjanabaiwasnik@gmail.com,Other State Govt. Managed,Primary,3-Co-educational,1–4,Rural,Operational,Tekadi(Kanha),Tekadi(Ka),Parseoni
1592,"RAJIV KARN BADHIR SCHOOL, KANDRI",27090810704,MAHARASHTRA,NAGPUR,PARSEONI,"Z.P. PS, KENDRA, KANHAN ",KANDRI,441401.0,KANDRI PARSEONI NAGPUR,rajivkarnabadhir@gmail.com,Other State Govt. Managed,Primary with Upper Primary,3-Co-educational,1–6,Rural,Operational,Tekadi(Kanha),Tekadi(Ka),Parseoni
1593,"MAROTRAOPANTAWANE JR COLLEGE, KANDRI",27090810705,MAHARASHTRA,NAGPUR,PARSEONI,"Z.P. PS, KENDRA, KANHAN ",KANDRI,441401.0,"at gahuhiwara road ,kandri-kanhan -441401",ganesh.pantawane@gmail.com,Private Unaided (Recognized) ,Higher Secondary only/Jr. College,3-Co-educational,11–12,Rural,Operational,Tekadi(Kanha),Tekadi(Ka),Parseoni
1594,SARASWATI CONVENT SCHOOL KANDRI,27090810706,MAHARASHTRA,NAGPUR,PARSEONI,"Z.P. UPS, WARADA ",KANDRI,441401.0,WARD NO 5 NEAR J N HOSPITAL KANDRI KANHAN TQ PARSEONI,,Private Unaided (Recognized) ,Primary,3-Co-educational,1–5,Rural,Operational,Tekadi(Kanha),Tekadi(Ka),Parseoni
1595,VACHCHHALAGOPI PUBLIC SCHOOL KANDRI ,27090810707,MAHARASHTRA,NAGPUR,PARSEONI,"Z.P. PS, KENDRA, KANHAN ",KANDRI,441404.0,Kandri Kanhan Tah-Parseoni Dist- Nagpur,vgpskandri@gmail.com,Private Unaided (Recognized) ,Pr. with Up.Pr. Sec. and H.Sec.,3-Co-educational,1–12,Urban,Operational,,,
1596,"Z.P. PS, TEKADI",27090810801,MAHARASHTRA,NAGPUR,PARSEONI,"Z.P. UPS, WARADA ",TEKADI,441404.0,AT. TEKADI PO. GONDEGAON TAH. PARSEONI,sunandabhawat1@gmail.com,Local Body,Primary,3-Co-educational,1–5,Rural,Operational,Tekadi Ko.Kh.T.Sa.Kr.14,Tekadi(Kh),Parseoni
1597,"Z.P. PS C.M. 1, TEKADI",27090810802,MAHARASHTRA,NAGPUR,PARSEONI,,TEKADI,441404.0,COAL MINES 1 POST GONDEGAON TA. PARSEONI,,Local Body,Primary,3-Co-educational,1–4,Rural,Closed,Tekadi Ko.Kh.T.Sa.Kr.14,Tekadi(Kh),Parseoni
1598,"Z.P. UPS C.M 2, TEKADI",27090810803,MAHARASHTRA,NAGPUR,PARSEONI,"Z.P. UPS, WARADA ",TEKADI,441404.0,AT.TEKADI COAL MINES TALUKA PARSIVANI,pramodchandekar1975@gmail.com,Local Body,Pr. Up Pr. and Secondary Only,3-Co-educational,1–10,Rural,Operational,Tekadi Ko.Kh.T.Sa.Kr.14,Tekadi(Kh),Parseoni
1599,"SREE SHIVGIRI HINDI UPS. C.M., TEKADI",27090810804,MAHARASHTRA,NAGPUR,PARSEONI,"Z.P. UPS, WARADA ",TEKADI,441404.0,kamptee coalmines Tekadi,rosem27jan@gmail.com,Other State Govt. Managed,Primary with Upper Primary,3-Co-educational,1–7,Rural,Operational,Tekadi Ko.Kh.T.Sa.Kr.14,Tekadi(Kh),Parseoni
1600,"NUTAN SARASWATI VID., TEKADI",27090810807,MAHARASHTRA,NAGPUR,PARSEONI,"Z.P. UPS, WARADA ",TEKADI,441404.0,WARD NO 5 NEAR J N HOSPITAL KANDRI KANHAN TAL PARSHIONI DIS NAGPUR,nsvtekadi329@gmail.com,Other State Govt. Managed,Pr. with Up.Pr. Sec. and H.Sec.,3-Co-educational,5–12,Rural,Operational,Tekadi Ko.Kh.T.Sa.Kr.14,Tekadi(Kh),Parseoni
1601,"VIDYA MANDIR HS, TEKADI",27090810808,MAHARASHTRA,NAGPUR,PARSEONI,"Z.P. UPS, WARADA ",TEKADI,441404.0,BACK OF GURUDWARA NEW TEKADI TOWNSHIP TEKADI,vidyamandirschooltekadi@gmail.com,Private Unaided (Recognized) ,Pr. Up Pr. and Secondary Only,3-Co-educational,1–10,Rural,Operational,Tekadi Ko.Kh.T.Sa.Kr.14,Tekadi(Kh),Parseoni
1602,"SAIBABA ASHRAM SC., TEKADI",27090810809,MAHARASHTRA,NAGPUR,PARSEONI,"Z.P. UPS, WARADA ",TEKADI,441404.0,AT TEKADI PO GONDEGAON TAH PARSEONI DIST NAGPUR,saibabaashramshala@gmail.com,Other State Govt. Managed,Up. Pr. Secondary and Higher Sec,3-Co-educational,8–12,Rural,Operational,Tekadi Ko.Kh.T.Sa.Kr.14,Tekadi(Kh),Parseoni
1603,"K.D.KAMBLE CONVENT SC., TEKADI",27090810810,MAHARASHTRA,NAGPUR,PARSEONI,"Z.P. UPS, WARADA ",TEKADI,441404.0,BESIDE NEW TOWNSHIP TEKADI,kdkconventtekadi@gmail.com,Private Unaided (Recognized) ,Primary with Upper Primary,3-Co-educational,1–6,Rural,Operational,Tekadi Ko.Kh.T.Sa.Kr.14,Tekadi(Kh),Parseoni
1604,"SAIBABA ANUDANIT AADIWASI ASHRAM SCOOL,TEKADI",27090810811,MAHARASHTRA,NAGPUR,PARSEONI,"Z.P. UPS, WARADA ",TEKADI,441105.0,AT TEKADI PO GONDEGAON TAH PARSEONI,saibabaashramshala@gmail.com,Other State Govt. Managed,Primary with Upper Primary,3-Co-educational,1–7,Rural,Operational,Tekadi Ko.Kh.T.Sa.Kr.14,Tekadi(Kh),Parseoni
1605,"Z.P. PS, GHATROHANA",27090810901,MAHARASHTRA,NAGPUR,PARSEONI,"Z.P. PS, KENDRA, KANHAN ",GHATROHANA,441404.0,AT.GHATROHANA PO. GONDEGAON TA. PARSEONI DIST. NAGPUR,dakshu.gajbhiye13@gmail.com,Local Body,Primary,3-Co-educational,1–5,Rural,Operational,Ghat Rohana,Ghatrohna,Parseoni
1606,"Z.P. UPS, JUNIKAMPTEE",27090811001,MAHARASHTRA,NAGPUR,PARSEONI,"Z.P. PS, KENDRA, KANHAN ",JUNIKAMPTEE,441404.0,AT. JUNIKAMPTEE PO.GONDEGON TA.PARSEONI DIST. NAGPUR,hmzpups@gmail.com,Local Body,Primary with Upper Primary,3-Co-educational,1–7,Rural,Operational,Juni Kamptee,Junikamptee,Parseoni
1607,"Z.P. PS, GADE GHAT(JUNIKAMPTEE)",27090811002,MAHARASHTRA,NAGPUR,PARSEONI,"Z.P. PS, KENDRA, KANHAN ",JUNIKAMPTEE,441404.0,POST.GONDEGON TA.PARSEONI DIST. NAGPUR,zpschoolgadeghat@yahoo.com,Local Body,Primary,3-Co-educational,1–5,Rural,Operational,Juni Kamptee,Junikamptee,Parseoni
1608,"Z.P. PS, GAHUHIWARA",27090811101,MAHARASHTRA,NAGPUR,PARSEONI,"Z.P. PS, KENDRA, KANHAN ",GAHUHIWARA,441401.0,AT. GAHUHIWARA PO. KANHAN TA. PARSEONI DIST. NAGPUR,bhimraosalwankar@gmail.com,Local Body,Primary,3-Co-educational,1–5,Rural,Operational,Hiwara (Gahu),Khandala(Gh),Parseoni
1609,"Z.P. UPS, SIHORA",27090811201,MAHARASHTRA,NAGPUR,PARSEONI,"Z.P. PS, KENDRA, KANHAN ",SHIHORA,441401.0,AT SIHORA TA PARSEONI,naipalkanhekar@gmail.com,Local Body,Primary with Upper Primary,3-Co-educational,1–7,Urban,Operational,,,
1611,"Z.P. UPS, KHANDALA GHATATE",27090811301,MAHARASHTRA,NAGPUR,PARSEONI,"Z.P. PS, KENDRA, KANHAN ",KHANDALA GHATATE,441401.0,KHANDALA GHATATE KANHAN PARSEONI,surekha.s.dudhe@gmail.com,Local Body,Primary with Upper Primary,3-Co-educational,1–8,Rural,Operational,Khandala (Ghatate),Khandala(Gh),Parseoni
1612,"Z.P. UPS, NILAJ",27090811401,MAHARASHTRA,NAGPUR,PARSEONI,"Z.P. PS, KENDRA, KANHAN ",NILAJ,441401.0,"AT-NILAJ,POST-SALWA,TA-PARSEONI,DIST-NAGPUR.",zpupschoolnilaj@gmail.com,Local Body,Primary with Upper Primary,3-Co-educational,1–8,Rural,Operational,Nilaj,Nilaj,Parseoni
1613,"Z.P. UPS, BORISHINGORI",27090811501,MAHARASHTRA,NAGPUR,PARSEONI,"Z.P. PS, KENDRA, KANHAN ",BORISHINGORI,441401.0,BORI SINGORI SALWA PARSEONI,vinodwahane12345@gmail.com,Local Body,Primary with Upper Primary,3-Co-educational,1–8,Rural,Operational,Bori (Singori),Bori(Singar),Parseoni
1614,"Z.P. PS, SHINGARDEEP",27090811601,MAHARASHTRA,NAGPUR,PARSEONI,"Z.P. PS, KENDRA, KANHAN ",SHINGARDEEP,441401.0,"SINGARDEEP, PO. SALWA, DIST. NAGPUR",saurabhparate3@gmail.com,Local Body,Primary,3-Co-educational,1–5,Rural,Operational,Singardip,Bori(Singar),Parseoni
1615,"Z.P. UPS, PIPARI (KANHAN)",27090811701,MAHARASHTRA,NAGPUR,PARSEONI,"Z.P. PS, KENDRA, KANHAN ",KANHAN,441401.0,AT PIPARI POST KANHAN TA PARSEONI DIST NAGPUR,sandhyaraut579@gmail.com,Local Body,Primary with Upper Primary,3-Co-educational,1–7,Urban,Operational,,,
1616,"VIKAS PRIMARY SCHOOL, KANHAN",27090811702,MAHARASHTRA,NAGPUR,PARSEONI,"Z.P. PS, KENDRA, KANHAN ",KANHAN,441401.0,"near BSNL tower rai nagar, kanhan ta. parsioni dist. nagpur",rajendrakhandait7@gmail.com,Other State Govt. Managed,Primary,3-Co-educational,1–4,Urban,Operational,,,
1617,"MAHATMA PHULE PS, KANHAN",27090811703,MAHARASHTRA,NAGPUR,PARSEONI,"Z.P. PS, KENDRA, KANHAN ",KANHAN,441401.0,ashoknagar kanhan dist nagpur,mfps.ashoknagarkanhan@gmail.com,Other State Govt. Managed,Primary,3-Co-educational,1–4,Urban,Operational,,,
1618,"IDEAL CONVENT HINDI PS, KANHAN",27090811704,MAHARASHTRA,NAGPUR,PARSEONI,"Z.P. PS, KENDRA, KANHAN ",KANHAN,441401.0,"SURESH NAGAR ,TARSA RAOD, KANHAN TAS.PARSHIWANI DIST. NAGPUR",hmicps80@rediffmail.com,Other State Govt. Managed,Primary,3-Co-educational,1–4,Urban,Operational,,,
1619,DHARMARAJ PRIMARY SCHOOL KANDRI KANHAN,27090811705,MAHARASHTRA,NAGPUR,PARSEONI,"Z.P. PS, KENDRA, KANHAN ",KANHAN,441401.0,Kandri-kanhan Th. Parsioni ,dpskanhan1995@gmail.com,Other State Govt. Managed,Primary,3-Co-educational,1–4,Urban,Operational,,,
1620,"NEHA PRIMARY SCHOOL, KANHAN",27090811706,MAHARASHTRA,NAGPUR,PARSEONI,"Z.P. PS, KENDRA, KANHAN ",KANHAN,441401.0,"WAGHADHARE WADI, KANHAN",nehaprimaryschool1996@gmail.com,Other State Govt. Managed,Primary,3-Co-educational,1–5,Urban,Operational,,,
1621,"B.K.C.P PRIMARY SCHOOL, KANHAN",27090811707,MAHARASHTRA,NAGPUR,PARSEONI,"Z.P. PS, KENDRA, KANHAN ",KANHAN,441401.0,"Near Railway Crossing, Vivekanand Nagar",bkcpschoolkanhan@gmail.com,Private Unaided (Recognized) ,Primary,3-Co-educational,1–4,Urban,Operational,,,
1622,"Z.P. PS, KENDRA, KANHAN",27090811708,MAHARASHTRA,NAGPUR,PARSEONI,"Z.P. PS, KENDRA, KANHAN ",KANHAN,441401.0,KANHAN NEAR NAGAR PARISHAD,zppskanhan@gmail.com,Local Body,Primary,3-Co-educational,1–4,Urban,Operational,,,
1623,"SREE NARAYANA VIDHYALAYA (HINDI UPS, KANHAN)",27090811709,MAHARASHTRA,NAGPUR,PARSEONI,"Z.P. PS, KENDRA, KANHAN ",KANHAN,441401.0,VIVEKANAND NAGAR KANHAN,manjulaxalxo123@gmail.com,Other State Govt. Managed,Primary with Upper Primary,3-Co-educational,1–7,Urban,Operational,,,
1624,SREE NARAYANA ENGLISH PS.KANHAN,27090811710,MAHARASHTRA,NAGPUR,PARSEONI,"Z.P. PS, KENDRA, KANHAN ",KANHAN,441401.0,VIVEKANAND NAGAR KANHAN,snvenglishprimarykanhan@gmail.com,Private Unaided (Recognized) ,Primary with Upper Primary,3-Co-educational,1–7,Urban,Operational,,,
1625,"SAVITRI BAI PHULE UPS, KANHAN",27090811711,MAHARASHTRA,NAGPUR,PARSEONI,"Z.P. PS, KENDRA, KANHAN ",KANHAN,441401.0,HANUMAN NAGAR KANHAN ,gaurishankarsathawane11@gmail.com,Other State Govt. Managed,Primary with Upper Primary,3-Co-educational,1–7,Urban,Operational,,,
1626,"HIRABAI UPS, KANHAN",27090811712,MAHARASHTRA,NAGPUR,PARSEONI,"Z.P. PS, KENDRA, KANHAN ",KANHAN,441401.0,Swami Vivekanand Nagar Pipari Road Kanhan ,hirabaiupskanhan@gmail.com,Other State Govt. Managed,Primary with Upper Primary,3-Co-educational,1–7,Urban,Operational,,,
1627,"BALIRAMJI DAKHANE HS, KANHAN",27090811713,MAHARASHTRA,NAGPUR,PARSEONI,"Z.P. PS, KENDRA, KANHAN ",KANHAN,441401.0,Rai Nagar Kanhan Tah.Parseoni Dist.Nagpur,bdakhanehighschool@gmail.com,Other State Govt. Managed,Pr. Up Pr. and Secondary Only,3-Co-educational,5–10,Urban,Operational,,,
1628,"DHARAMRAAJ VID,KANDRI (KANHAN)",27090811714,MAHARASHTRA,NAGPUR,PARSEONI,"Z.P. PS, KENDRA, KANHAN ",KANHAN,441401.0,At Santaji Nagar J N Road Kandri-Kanhan,dharmrajjr.vidyalay@gmail.com,Other State Govt. Managed,Pr. with Up.Pr. Sec. and H.Sec.,3-Co-educational,5–12,Urban,Operational,,,
1629,"ADARSH A VID., KANHAN",27090811715,MAHARASHTRA,NAGPUR,PARSEONI,"Z.P. PS, KENDRA, KANHAN ",KANHAN,441401.0,Suresh Nagar Tarsa Road Kanhan,hadarshhighschool@gmail.com,Other State Govt. Managed,Pr. Up Pr. and Secondary Only,3-Co-educational,5–10,Urban,Operational,,,
1630,"B.K.C. P. UPPER PRIMARY AND SECONDARY  SCHOOL, KANHAN",27090811716,MAHARASHTRA,NAGPUR,PARSEONI,"Z.P. PS, KENDRA, KANHAN ",KANHAN,441401.0,"Near Railway Crossing, Vivekanand Nagar",bkcpschoolkanhan@gmail.com,Private Unaided (Recognized) ,Pr. Up Pr. and Secondary Only,3-Co-educational,5–10,Urban,Operational,,,
1631,"PANDIT JAWAHARLAL NEHRU VIDYALAYA., KANHAN",27090811719,MAHARASHTRA,NAGPUR,PARSEONI,"Z.P. PS, KENDRA, KANHAN ",KANHAN,441401.0,"Station Road, Kanhan",panditjawaharlalnehruvid.kanhan@gmail.com,Other State Govt. Managed,Pr. Up Pr. and Secondary Only,3-Co-educational,5–10,Urban,Operational,,,
1632,SREE NARAYANA VIDYALAYA ENGLISH MEDIUM HS & JR COLLEGE KANHAN,27090811722,MAHARASHTRA,NAGPUR,PARSEONI,"Z.P. PS, KENDRA, KANHAN ",KANHAN,441401.0,VIVEKANAND NAGAR KANHAN,snvenglishhighschool@gmail.com,Private Unaided (Recognized) ,Up. Pr. Secondary and Higher Sec,3-Co-educational,8–12,Urban,Operational,,,
1633,"SREE NARAYANA HINDI MADHYAMIK SHALA,KANHAN",27090811723,MAHARASHTRA,NAGPUR,PARSEONI,"Z.P. PS, KENDRA, KANHAN ",KANHAN,441401.0,VIVEKANAND NAGAR KANHAN,sreenarayanahindimadhyamikshal@gmail.com,Partially Govt. Aided,Upper Pr. and Secondary,3-Co-educational,8–10,Urban,Operational,,,
1634,SARASWATI NEW ENGLISH SCHOOL AND JUNIOR COLLEGE KANHAN,27090811726,MAHARASHTRA,NAGPUR,PARSEONI,"Z.P. PS, KENDRA, KANHAN ",KANHAN,441401.0,tarsa road kanhan th.parshioni post.Gondegaon D.nagpur,saraswatinewenglishschool@gmail.com,Private Unaided (Recognized) ,Pr. with Up.Pr. Sec. and H.Sec.,3-Co-educational,1–12,Urban,Operational,,,
1635,SARTH PUBLIC SCHOOL KANHAN,27090811727,MAHARASHTRA,NAGPUR,PARSEONI,"Z.P. PS, KENDRA, KANHAN ",KANHAN,441401.0,TARSA ROAD KANHAN PARSEIONI NAGPUR,sarthpublicschool@rediffmail.com,Private Unaided (Recognized) ,Primary with Upper Primary,3-Co-educational,1–8,Urban,Operational,,,
1636,UTKARSH ENGLISH UPPER PRI. SCHOOL KANHAN,27090811728,MAHARASHTRA,NAGPUR,PARSEONI,"Z.P. PS, KENDRA, KANHAN ",KANHAN,441401.0,NEAR MSEB OFFICE HANUMAN NAGAR KANHAN,utkarshengupprischoolkanhan@gmail.com,Private Unaided (Recognized) ,Primary with Upper Primary,3-Co-educational,1–7,Urban,Operational,,,
1637,BHARATRATNA INDIRA GANDHI JR. COLLEGE KANHAN,27090811729,MAHARASHTRA,NAGPUR,PARSEONI,"Z.P. PS, KENDRA, KANHAN ",KANHAN,441401.0,"STATION ROAD ,KANHAN",brigjuniorcollegek@gmail.com,Other State Govt. Managed,Higher Secondary only/Jr. College,3-Co-educational,11–12,Urban,Operational,,,
1638,"Z. P. PS, SALAI TOLA",27090811801,MAHARASHTRA,NAGPUR,PARSEONI,"Z.P. PS, DHAWALAPUR ",SALAI TOLA,441105.0,atwanera post navegaon tahparshioni,zpprischoolsalartola@gmail.com,Local Body,Primary,3-Co-educational,1–4,Rural,Operational,Salai(Mahuli),Salai(Ma),Parseoni
1639,"Z.P. PS, KIRANGI SARRA",27090811901,MAHARASHTRA,NAGPUR,PARSEONI,"Z.P. PS, DHAWALAPUR ",KIRANGI SARRA,441105.0,post pawani tahparshioni diat nag,zppskirangisarra@gmail.com,Local Body,Primary,3-Co-educational,1–5,Rural,Operational,Kirangisarra(Rithi),Kolitmara,Parseoni
4369,LEELA'S INTERNATIONAL SCHOOL KANDRI KANHAN,27094100243,MAHARASHTRA,NAGPUR,PARSEONI,"Z.P. PS, KENDRA, KANHAN ",KANDRI,441401.0,SURVE NO. 53 KANDRI KANHAN,admin@leelasschool.com,Private Unaided (Recognized) ,Pr. Up Pr. and Secondary Only,3-Co-educational,1–10,Urban,Operational,,,
